ROC AUC,Recall,Specificity,FAR (%),Precision,F1 Score,TN,FP,FN,TP
0.9613333333333334,0.9226666666666666,1.0,88.54961832061069,1.0,0.9597780859916781,15,0,116,1384
