ROC AUC,Recall,Specificity,FAR (%),Precision,F1 Score,TN,FP,FN,TP
0.956,0.912,1.0,89.79591836734694,1.0,0.9539748953974896,15,0,132,1368
