Tree Number,CPU Time(s),ROC AUC,Recall,Specificity,Precision,F1 Score,TN,FP,FN,TP
10,0.28193211555480957,0.9975780214462597,0.9199973676128635,0.9886104783599089,0.9997616152947627,0.9582224253155881,41939,3647,10,868
