Execution Number,CPU Time(s),ROC AUC,Recall,Specificity
1,2.094909906387329,0.9972672243716274,0.9205457815996139,0.9863325740318907
2,2.2841598987579346,0.9952828027267695,0.9292107225902689,0.979498861047836
