Execution Number,CPU Time(s),ROC AUC,Recall,Specificity
1,2.2175002098083496,0.9984038779439838,0.94838327556706,0.9874715261958997
2,2.0500710010528564,0.9971366044024825,0.9450050454086781,0.9840546697038725
