Execution Number,CPU Time(s),ROC AUC,Recall,Specificity
1,2.47831392288208,0.9977136258614346,0.9369104549642434,0.9886104783599089
2,2.3420302867889404,0.9968177247800273,0.9222129601193348,0.9829157175398633
