Execution Number,CPU Time(s),ROC AUC,Recall,Specificity
1,2.2827799320220947,0.9973059256593486,0.9359891194665029,0.9840546697038725
