Sample Size,CPU Time(s),ROC AUC,Recall,Specificity,Precision,F1 Score,TN,FP,FN,TP
100,2.2899928092956543,0.9938225474251927,0.8710130303163252,0.9829157175398633,0.99962236600287,0.9308966438861992,39706,5880,15,863
