Execution Number,CPU Time (s),
1,2.4479010105133057,
2,2.339857816696167,
3,2.247209310531616,
4,2.1687817573547363,
5,2.2233710289001465,
6,2.3398547172546387,
7,2.260261058807373,
8,2.2928318977355957,
9,2.320702314376831,
10,2.291883945465088,
