Execution Number,CPU Time (s)
1,2.2431700229644775
2,2.2235300540924072
3,2.1794512271881104
4,2.1591429710388184
5,2.219520092010498
6,2.2715067863464355
7,2.093798875808716
8,2.1278560161590576
9,2.123368978500366
10,2.0963680744171143
