ROC AUC,Recall,Specificity,FAR (%),Precision,F1 Score,TN,FP,FN,TP
0.6623333333333333,0.9246666666666666,0.4,94.95798319327731,0.9935530085959885,0.9578729281767955,6,9,113,1387
