ROC AUC,Recall,Specificity,FAR (%),Precision,F1 Score,TN,FP,FN,TP
0.9616666666666667,0.9233333333333333,1.0,88.46153846153847,1.0,0.9601386481802426,15,0,115,1385
