ROC AUC,Recall,Specificity,FAR (%),Precision,F1 Score,TN,FP,FN,TP
0.9636666666666667,0.9273333333333333,1.0,87.90322580645162,1.0,0.9622967831200276,15,0,109,1391
