ROC AUC,Recall,Specificity,FAR (%),Precision,F1 Score,TN,FP,FN,TP
0.979,0.958,1.0,80.76923076923077,1.0,0.9785495403472931,15,0,63,1437
