ROC AUC,Recall,Specificity,FAR (%),Precision,F1 Score,TN,FP,FN,TP
0.896,0.9253333333333333,0.8666666666666667,89.6,0.9985611510791367,0.9605536332179931,13,2,112,1388
