ROC AUC,Recall,Specificity,FAR (%),Precision,F1 Score,TN,FP,FN,TP
0.9723333333333333,0.9446666666666667,1.0,84.6938775510204,1.0,0.9715461090161125,15,0,83,1417
