ROC AUC,Recall,Specificity,FAR (%),Precision,F1 Score,TN,FP,FN,TP
0.96,0.92,1.0,88.88888888888889,1.0,0.9583333333333334,15,0,120,1380
