ROC AUC,Recall,Specificity,FAR (%),Precision,F1 Score,TN,FP,FN,TP
0.5463333333333333,0.8926666666666667,0.2,98.17073170731707,0.9911176905995559,0.9393195370045598,3,12,161,1339
