ROC AUC,Recall,Specificity,FAR (%),Precision,F1 Score,TN,FP,FN,TP
0.9563333333333333,0.9126666666666666,1.0,89.72602739726027,1.0,0.9543394911118858,15,0,131,1369
