ROC AUC,Recall,Specificity,FAR (%),Precision,F1 Score,TN,FP,FN,TP
0.725,0.9166666666666666,0.5333333333333333,93.98496240601504,0.9949348769898697,0.9541984732824428,8,7,125,1375
