ROC AUC,Recall,Specificity,FAR (%),Precision,F1 Score,TN,FP,FN,TP
0.454,0.908,0.0,100.0,0.9891067538126361,0.9468196037539103,0,15,138,1362
