ROC AUC,Recall,Specificity,FAR (%),Precision,F1 Score,TN,FP,FN,TP
0.464,0.928,0.0,100.0,0.9893390191897654,0.957688338493292,0,15,108,1392
