ROC AUC,Recall,Specificity,FAR (%),Precision,F1 Score,TN,FP,FN,TP
0.439,0.878,0.0,100.0,0.9887387387387387,0.9300847457627118,0,15,183,1317
