ROC AUC,Recall,Specificity,FAR (%),Precision,F1 Score,TN,FP,FN,TP
0.446,0.892,0.0,100.0,0.9889135254988913,0.9379600420609885,0,15,162,1338
