ROC AUC,Recall,Specificity,FAR (%),Precision,F1 Score,TN,FP,FN,TP
0.8616666666666668,0.9233333333333333,0.8,90.55118110236221,0.9978386167146974,0.9591412742382271,12,3,115,1385
