ROC AUC,Recall,Specificity,FAR (%),Precision,F1 Score,TN,FP,FN,TP
0.455,0.91,0.0,100.0,0.9891304347826086,0.9479166666666667,0,15,135,1365
