ROC AUC,Recall,Specificity,FAR (%),Precision,F1 Score,TN,FP,FN,TP
0.453,0.906,0.0,100.0,0.9890829694323144,0.9457202505219208,0,15,141,1359
