ROC AUC,Recall,Specificity,FAR (%),Precision,F1 Score,TN,FP,FN,TP
0.9276666666666669,0.922,0.9333333333333333,89.31297709923665,0.9992774566473989,0.9590846047156727,14,1,117,1383
