ROC AUC,Recall,Specificity,FAR (%),Precision,F1 Score,TN,FP,FN,TP
0.9236666666666667,0.914,0.9333333333333333,90.20979020979021,0.999271137026239,0.9547353760445683,14,1,129,1371
