ROC AUC,Recall,Specificity,FAR (%),Precision,F1 Score,TN,FP,FN,TP
0.7033333333333334,0.94,0.4666666666666667,92.78350515463917,0.9943582510578279,0.9664153529814942,7,8,90,1410
