ROC AUC,Recall,Specificity,FAR (%),Precision,F1 Score,TN,FP,FN,TP
0.488,0.9093333333333333,0.06666666666666667,99.27007299270073,0.9898403483309144,0.9478804725503822,1,14,136,1364
