ROC AUC,Recall,Specificity,FAR (%),Precision,F1 Score,TN,FP,FN,TP
0.9823333333333333,0.9646666666666667,1.0,77.94117647058823,1.0,0.982015609093994,15,0,53,1447
