ROC AUC,Recall,Specificity,FAR (%),Precision,F1 Score,TN,FP,FN,TP
0.449,0.898,0.0,100.0,0.9889867841409692,0.9412997903563941,0,15,153,1347
