ROC AUC,Recall,Specificity,FAR (%),Precision,F1 Score,TN,FP,FN,TP
0.4573333333333333,0.9146666666666666,0.0,100.0,0.989185291997116,0.9504676134395567,0,15,128,1372
