ROC AUC,Recall,Specificity,FAR (%),Precision,F1 Score,TN,FP,FN,TP
0.974,0.948,1.0,83.87096774193549,1.0,0.973305954825462,15,0,78,1422
