ROC AUC,Recall,Specificity,FAR (%),Precision,F1 Score,TN,FP,FN,TP
0.8996666666666666,0.9326666666666666,0.8666666666666667,88.59649122807018,0.9985724482512491,0.9644950017235436,13,2,101,1399
