Execution Number,CPU Time(s),ROC AUC,Recall,Specificity
1,2.5700478553771973,0.9978492927383392,0.9425700873075067,0.9863325740318907
2,2.3647871017456055,0.9975513752723707,0.9431623744131971,0.9851936218678815
3,2.315784215927124,0.9971533941154255,0.9252182687667266,0.9806378132118451
4,2.393923044204712,0.9981499585204145,0.9357697538718027,0.9863325740318907
5,2.242767095565796,0.996979200843643,0.9123415083578291,0.9840546697038725
